datetime,lon,lat,co,no,no2,o3,so2,pm2_5,pm10,nh3,aqi
2020-11-01 00:00:00,10.804,106.7075,704.51,8.31,21.89,63.35,21.33,25.13,63.95,9.5,3
2020-11-01 01:00:00,10.804,106.7075,559.58,11.71,15.22,33.51,23.71,15.0,30.0,5.51,2
2020-11-01 02:00:00,10.804,106.7075,400.0,8.57,10.0,10.32,24.83,19.19,35.81,3.0,2
2020-11-01 03:00:00,10.804,106.7075,408.34,7.55,10.0,37.14,15.0,18.67,30.0,11.16,2
2020-11-01 04:00:00,10.804,106.7075,487.98,1.71,18.94,13.19,18.54,15.0,30.0,6.19,2
2020-11-01 05:00:00,10.804,106.7075,600.77,7.86,13.31,26.98,15.0,15.24,30.0,8.77,2
2020-11-01 06:00:00,10.804,106.7075,681.54,1.0,19.94,34.72,19.12,31.89,57.37,9.99,3
2020-11-01 07:00:00,10.804,106.7075,784.12,11.45,27.99,73.13,30.1,37.51,51.72,6.81,4
2020-11-01 08:00:00,10.804,106.7075,1031.88,19.78,25.57,73.55,34.31,33.84,69.34,15.0,3
2020-11-01 09:00:00,10.804,106.7075,904.63,20.82,10.28,70.83,32.94,36.61,66.1,4.44,4
2020-11-01 10:00:00,10.804,106.7075,667.05,11.79,28.87,37.23,20.96,25.99,60.98,8.99,3
2020-11-01 11:00:00,10.804,106.7075,620.54,12.57,20.58,59.53,21.49,27.38,45.29,3.61,3
2020-11-01 12:00:00,10.804,106.7075,744.42,11.31,20.03,41.48,17.92,26.63,45.89,5.59,3
2020-11-01 13:00:00,10.804,106.7075,675.81,12.02,31.32,47.62,26.29,29.4,30.0,7.92,3
2020-11-01 14:00:00,10.804,106.7075,709.03,22.32,18.85,49.52,24.83,20.65,63.71,10.26,2
2020-11-01 15:00:00,10.804,106.7075,818.65,5.45,28.42,23.97,27.93,47.52,38.11,6.3,5
2020-11-01 16:00:00,10.804,106.7075,714.95,7.48,10.7,46.03,19.69,33.79,38.97,12.65,3
2020-11-01 17:00:00,10.804,106.7075,792.51,11.39,30.88,40.04,33.64,49.46,45.71,10.95,5
2020-11-01 18:00:00,10.804,106.7075,948.98,16.91,18.58,38.69,35.11,41.38,68.01,11.44,4
2020-11-01 19:00:00,10.804,106.7075,808.0,14.16,27.76,47.78,40.0,42.79,50.7,12.37,4
2020-11-01 20:00:00,10.804,106.7075,483.8,12.94,24.95,28.19,27.32,30.3,54.86,12.89,3
2020-11-01 21:00:00,10.804,106.7075,593.19,5.23,12.66,28.26,22.11,29.73,48.32,9.68,3
2020-11-01 22:00:00,10.804,106.7075,631.95,16.27,16.41,81.3,25.63,20.14,32.15,8.65,2
2020-11-01 23:00:00,10.804,106.7075,596.48,12.57,20.84,39.41,18.27,15.0,39.64,9.77,2
2020-11-02 00:00:00,10.804,106.7075,662.11,2.77,19.04,46.28,18.08,28.23,45.7,3.77,3
2020-11-02 01:00:00,10.804,106.7075,683.67,11.8,24.5,56.31,15.61,19.5,51.18,8.74,2
2020-11-02 02:00:00,10.804,106.7075,567.26,25.0,17.43,48.53,22.27,26.21,31.22,7.88,3
2020-11-02 03:00:00,10.804,106.7075,400.0,5.82,11.09,32.73,29.07,15.0,43.24,3.0,2
2020-11-02 04:00:00,10.804,106.7075,419.21,12.44,14.39,15.33,15.0,26.44,30.0,6.25,3
2020-11-02 05:00:00,10.804,106.7075,496.84,3.74,26.86,41.01,15.0,22.49,30.0,8.16,2
2020-11-02 06:00:00,10.804,106.7075,511.12,8.43,21.03,53.49,16.5,24.32,39.3,5.24,2
2020-11-02 07:00:00,10.804,106.7075,1174.82,15.02,18.43,72.27,40.0,47.26,46.77,8.95,5
2020-11-02 08:00:00,10.804,106.7075,1100.04,9.46,28.66,70.12,27.87,38.52,30.0,7.33,4
2020-11-02 09:00:00,10.804,106.7075,872.11,6.76,35.0,37.05,30.3,40.05,80.0,6.09,4
2020-11-02 10:00:00,10.804,106.7075,874.47,10.05,14.11,51.93,26.0,25.2,50.84,6.84,3
2020-11-02 11:00:00,10.804,106.7075,717.03,13.31,29.52,26.43,35.67,15.0,48.18,9.76,2
2020-11-02 12:00:00,10.804,106.7075,742.15,6.89,18.75,37.6,22.05,36.8,54.28,5.92,4
2020-11-02 13:00:00,10.804,106.7075,834.94,11.54,24.88,54.44,20.86,25.52,58.97,9.83,3
2020-11-02 14:00:00,10.804,106.7075,696.86,10.59,27.67,36.13,27.74,28.38,47.39,11.3,3
2020-11-02 15:00:00,10.804,106.7075,823.81,14.07,27.83,45.32,28.41,27.52,53.89,7.61,3
2020-11-02 16:00:00,10.804,106.7075,714.55,12.98,15.09,76.39,19.97,20.29,63.9,10.37,2
2020-11-02 17:00:00,10.804,106.7075,1003.62,16.14,25.93,45.04,32.88,33.58,76.7,9.96,3
2020-11-02 18:00:00,10.804,106.7075,786.18,11.39,28.48,50.04,28.39,40.95,67.94,8.88,4
2020-11-02 19:00:00,10.804,106.7075,839.34,14.16,17.31,37.39,28.91,37.29,68.73,14.83,4
2020-11-02 20:00:00,10.804,106.7075,758.65,8.2,17.89,25.46,22.41,24.69,48.87,4.72,2
2020-11-02 21:00:00,10.804,106.7075,707.9,16.66,17.35,46.53,25.95,23.79,47.69,7.24,2
2020-11-02 22:00:00,10.804,106.7075,644.65,5.13,18.15,47.97,29.76,34.67,70.84,4.9,3
2020-11-02 23:00:00,10.804,106.7075,760.85,9.92,31.14,28.38,18.3,22.2,30.0,5.62,2
2020-11-03 00:00:00,10.804,106.7075,516.13,9.75,20.05,68.64,27.25,22.38,34.22,8.68,2
2020-11-03 01:00:00,10.804,106.7075,431.97,18.16,25.08,33.46,15.0,37.83,43.63,10.91,4
2020-11-03 02:00:00,10.804,106.7075,400.0,4.0,14.03,32.2,15.25,25.98,30.0,5.17,3
2020-11-03 03:00:00,10.804,106.7075,508.04,9.57,18.27,14.63,15.0,31.22,38.99,3.35,3
2020-11-03 04:00:00,10.804,106.7075,722.67,7.58,21.08,32.51,27.8,35.04,32.01,8.51,4
2020-11-03 05:00:00,10.804,106.7075,586.81,13.84,10.0,41.79,22.79,15.0,30.0,3.0,2
2020-11-03 06:00:00,10.804,106.7075,589.59,12.59,27.01,41.61,30.64,15.96,30.0,7.03,2
2020-11-03 07:00:00,10.804,106.7075,967.61,12.84,13.6,57.16,25.98,44.36,69.4,7.58,4
2020-11-03 08:00:00,10.804,106.7075,832.92,7.7,25.62,72.83,27.57,43.03,58.64,8.02,4
2020-11-03 09:00:00,10.804,106.7075,893.95,7.82,22.68,40.53,40.0,39.28,56.6,11.04,4
2020-11-03 10:00:00,10.804,106.7075,683.15,8.9,23.69,56.36,22.35,25.39,46.7,3.0,3
2020-11-03 11:00:00,10.804,106.7075,472.72,16.83,29.87,41.26,27.88,32.49,80.0,11.36,3
2020-11-03 12:00:00,10.804,106.7075,680.81,5.22,10.36,48.05,21.22,18.62,42.24,4.76,2
2020-11-03 13:00:00,10.804,106.7075,953.07,14.41,19.95,67.2,25.39,23.11,68.28,9.62,2
2020-11-03 14:00:00,10.804,106.7075,544.41,9.05,14.75,24.26,29.63,45.28,33.22,9.69,5
2020-11-03 15:00:00,10.804,106.7075,602.4,7.56,16.45,32.04,25.24,23.35,53.25,7.85,2
2020-11-03 16:00:00,10.804,106.7075,664.16,5.46,16.54,56.33,27.5,22.18,51.19,10.25,2
2020-11-03 17:00:00,10.804,106.7075,659.59,15.72,22.02,67.06,28.68,24.56,45.47,10.54,2
2020-11-03 18:00:00,10.804,106.7075,948.96,8.48,29.83,33.58,32.17,29.31,57.18,10.54,3
2020-11-03 19:00:00,10.804,106.7075,780.94,11.08,32.04,49.85,36.68,29.96,71.36,14.72,3
2020-11-03 20:00:00,10.804,106.7075,400.0,5.02,21.46,37.45,24.36,22.17,46.04,6.73,2
2020-11-03 21:00:00,10.804,106.7075,805.17,10.27,20.03,34.32,20.06,23.54,49.73,5.94,2
2020-11-03 22:00:00,10.804,106.7075,673.47,19.38,23.23,35.61,28.51,23.74,30.0,4.18,2
2020-11-03 23:00:00,10.804,106.7075,400.0,7.24,18.11,65.65,24.13,25.25,54.95,3.0,3
2020-11-04 00:00:00,10.804,106.7075,665.34,12.85,10.0,57.66,24.19,23.68,52.59,14.01,2
2020-11-04 01:00:00,10.804,106.7075,657.28,10.24,15.24,27.75,26.65,20.15,45.86,5.77,2
2020-11-04 02:00:00,10.804,106.7075,561.85,8.67,20.23,23.85,16.15,15.0,30.0,6.73,2
2020-11-04 03:00:00,10.804,106.7075,603.55,2.39,19.22,51.83,19.57,36.01,30.0,3.0,4
2020-11-04 04:00:00,10.804,106.7075,400.0,14.48,17.93,30.67,18.9,15.0,64.35,5.99,2
2020-11-04 05:00:00,10.804,106.7075,506.41,10.63,16.89,34.86,15.0,24.77,57.58,9.64,2
2020-11-04 06:00:00,10.804,106.7075,868.98,6.44,12.06,38.61,22.78,35.75,30.0,11.79,4
2020-11-04 07:00:00,10.804,106.7075,886.3,10.87,19.93,33.68,36.62,39.59,49.52,6.51,4
2020-11-04 08:00:00,10.804,106.7075,859.63,21.35,24.44,35.95,31.27,36.82,32.64,10.24,4
2020-11-04 09:00:00,10.804,106.7075,875.36,16.48,35.0,75.4,31.16,30.15,80.0,10.58,3
2020-11-04 10:00:00,10.804,106.7075,702.09,9.88,21.19,42.83,22.13,25.63,49.61,6.37,3
2020-11-04 11:00:00,10.804,106.7075,593.07,10.53,18.47,67.56,15.0,38.73,64.95,3.0,4
2020-11-04 12:00:00,10.804,106.7075,648.6,8.14,11.55,33.33,19.45,44.02,61.23,11.81,4
2020-11-04 13:00:00,10.804,106.7075,808.25,4.35,16.85,52.34,18.89,35.7,47.12,6.88,4
2020-11-04 14:00:00,10.804,106.7075,806.64,12.22,17.83,62.39,19.59,34.93,57.12,7.07,3
2020-11-04 15:00:00,10.804,106.7075,748.92,3.74,25.54,42.23,22.39,38.39,41.55,3.77,4
2020-11-04 16:00:00,10.804,106.7075,466.51,13.03,12.32,71.32,15.0,43.57,52.53,7.71,4
2020-11-04 17:00:00,10.804,106.7075,828.26,15.0,25.77,75.05,33.07,40.2,60.64,10.23,4
2020-11-04 18:00:00,10.804,106.7075,956.17,4.45,17.91,69.65,33.35,37.53,65.22,11.44,4
2020-11-04 19:00:00,10.804,106.7075,829.04,9.11,27.18,43.82,34.54,25.38,77.35,11.82,3
2020-11-04 20:00:00,10.804,106.7075,668.4,13.91,27.99,55.72,15.0,16.76,37.5,7.28,2
2020-11-04 21:00:00,10.804,106.7075,707.65,5.37,19.12,29.17,19.44,15.75,33.92,3.14,2
2020-11-04 22:00:00,10.804,106.7075,483.62,14.27,12.3,79.99,24.97,28.48,34.7,9.3,3
2020-11-04 23:00:00,10.804,106.7075,543.65,9.61,33.36,39.06,28.25,21.37,44.58,12.51,2
2020-11-05 00:00:00,10.804,106.7075,535.95,18.06,22.25,32.06,25.66,34.78,52.46,3.0,3
2020-11-05 01:00:00,10.804,106.7075,520.93,7.76,17.55,49.81,23.39,16.32,49.56,9.03,2
2020-11-05 02:00:00,10.804,106.7075,573.97,12.4,19.0,38.39,17.15,15.0,40.16,6.22,2
2020-11-05 03:00:00,10.804,106.7075,530.74,1.0,10.0,47.3,17.3,26.45,35.34,5.69,3
2020-11-05 04:00:00,10.804,106.7075,630.74,4.42,14.58,24.57,15.33,18.53,37.67,4.16,2
2020-11-05 05:00:00,10.804,106.7075,678.36,2.53,12.88,24.9,24.73,22.57,47.38,3.0,2
2020-11-05 06:00:00,10.804,106.7075,670.06,13.45,18.49,56.48,19.91,38.27,72.59,6.11,4
2020-11-05 07:00:00,10.804,106.7075,843.17,20.27,35.0,50.66,30.4,36.75,48.87,7.64,4
2020-11-05 08:00:00,10.804,106.7075,759.38,9.16,25.79,62.01,40.0,31.01,76.81,9.76,3
2020-11-05 09:00:00,10.804,106.7075,902.58,16.37,19.26,64.24,33.33,42.94,68.47,15.0,4
2020-11-05 10:00:00,10.804,106.7075,604.34,7.35,16.26,36.67,21.81,39.51,67.05,6.29,4
2020-11-05 11:00:00,10.804,106.7075,575.15,12.36,16.69,54.49,26.01,17.87,68.57,13.39,2
2020-11-05 12:00:00,10.804,106.7075,608.08,8.06,21.72,50.02,28.29,46.08,47.88,5.61,5
2020-11-05 13:00:00,10.804,106.7075,493.1,6.35,19.8,71.92,22.41,31.79,49.8,11.57,3
2020-11-05 14:00:00,10.804,106.7075,1079.04,7.35,17.06,60.66,28.41,44.77,57.01,6.92,4
2020-11-05 15:00:00,10.804,106.7075,788.6,15.54,24.92,52.61,30.33,39.35,66.59,9.95,4
2020-11-05 16:00:00,10.804,106.7075,674.93,10.73,27.24,32.75,26.84,26.85,50.34,11.84,3
2020-11-05 17:00:00,10.804,106.7075,938.66,13.23,17.84,69.69,35.73,50.0,61.31,11.06,5
2020-11-05 18:00:00,10.804,106.7075,947.41,20.89,25.43,62.69,35.54,40.49,59.64,10.98,4
2020-11-05 19:00:00,10.804,106.7075,1071.04,7.87,26.8,48.0,38.48,26.81,58.29,11.53,3
2020-11-05 20:00:00,10.804,106.7075,864.83,8.67,14.67,68.72,15.26,15.0,50.28,5.69,2
2020-11-05 21:00:00,10.804,106.7075,476.82,12.54,19.46,32.04,16.1,33.98,52.8,6.9,3
2020-11-05 22:00:00,10.804,106.7075,907.0,3.65,10.0,30.12,22.27,28.95,42.11,8.26,3
2020-11-05 23:00:00,10.804,106.7075,442.27,16.22,17.51,57.26,24.21,30.65,51.84,8.54,3
2020-11-06 00:00:00,10.804,106.7075,726.41,15.65,19.18,51.14,22.05,38.52,36.88,12.6,4
2020-11-06 01:00:00,10.804,106.7075,623.98,1.85,18.77,30.28,26.7,21.78,39.65,3.0,2
2020-11-06 02:00:00,10.804,106.7075,422.15,1.0,10.0,42.91,21.43,24.4,30.0,5.46,2
2020-11-06 03:00:00,10.804,106.7075,489.46,1.21,23.02,44.66,16.4,21.22,37.5,3.0,2
2020-11-06 04:00:00,10.804,106.7075,452.92,3.59,10.0,27.28,26.49,26.13,30.0,7.32,3
2020-11-06 05:00:00,10.804,106.7075,699.9,11.62,14.36,21.8,20.99,24.15,45.74,7.51,2
2020-11-06 06:00:00,10.804,106.7075,787.43,6.32,25.9,43.46,32.88,21.49,65.83,7.79,2
2020-11-06 07:00:00,10.804,106.7075,812.29,10.58,24.08,64.86,35.11,34.41,64.71,15.0,3
2020-11-06 08:00:00,10.804,106.7075,1169.13,15.18,26.23,60.3,35.57,30.82,61.91,5.39,3
2020-11-06 09:00:00,10.804,106.7075,969.88,16.24,23.1,82.11,26.37,27.29,67.69,13.54,3
2020-11-06 10:00:00,10.804,106.7075,952.59,7.71,26.47,44.42,24.14,37.07,57.83,3.27,4
2020-11-06 11:00:00,10.804,106.7075,921.48,16.9,16.25,50.94,27.47,32.09,43.4,5.99,3
2020-11-06 12:00:00,10.804,106.7075,696.17,15.86,23.26,39.44,28.86,15.0,63.79,3.0,2
2020-11-06 13:00:00,10.804,106.7075,645.63,4.4,12.23,62.41,22.66,32.77,49.44,9.43,3
2020-11-06 14:00:00,10.804,106.7075,711.52,3.59,25.98,37.59,17.22,26.58,68.01,10.55,3
2020-11-06 15:00:00,10.804,106.7075,647.7,8.25,18.07,76.15,26.91,33.44,62.36,8.72,3
2020-11-06 16:00:00,10.804,106.7075,661.14,9.02,19.57,44.44,28.64,30.42,58.79,7.76,3
2020-11-06 17:00:00,10.804,106.7075,921.8,3.01,31.5,63.7,37.49,15.83,80.0,9.98,2
2020-11-06 18:00:00,10.804,106.7075,1076.23,7.8,29.68,42.7,29.38,50.0,62.71,11.05,5
2020-11-06 19:00:00,10.804,106.7075,1040.51,15.48,26.9,63.97,40.0,38.54,67.41,13.55,4
2020-11-06 20:00:00,10.804,106.7075,795.83,14.94,21.83,23.35,30.67,17.83,48.63,4.94,2
2020-11-06 21:00:00,10.804,106.7075,620.38,10.64,19.93,46.83,30.57,30.63,42.07,10.09,3
2020-11-06 22:00:00,10.804,106.7075,808.42,2.86,21.58,51.02,21.01,38.01,43.2,7.58,4
2020-11-06 23:00:00,10.804,106.7075,604.04,9.08,11.42,18.9,30.47,20.22,33.1,3.0,2
2020-11-07 00:00:00,10.804,106.7075,534.16,2.38,27.85,55.65,19.06,45.02,56.78,6.23,5
2020-11-07 01:00:00,10.804,106.7075,400.0,20.45,10.0,15.82,27.61,46.52,61.61,8.89,5
2020-11-07 02:00:00,10.804,106.7075,579.21,11.27,18.55,35.72,18.02,20.5,30.0,4.76,2
2020-11-07 03:00:00,10.804,106.7075,400.0,6.51,10.0,14.95,18.4,32.14,46.02,3.0,3
2020-11-07 04:00:00,10.804,106.7075,400.0,11.7,10.0,28.13,20.25,15.0,36.26,3.0,2
2020-11-07 05:00:00,10.804,106.7075,400.0,8.6,10.0,38.11,17.4,25.42,37.69,9.69,3
2020-11-07 06:00:00,10.804,106.7075,648.78,6.85,18.73,48.65,22.74,27.32,36.58,5.21,3
2020-11-07 07:00:00,10.804,106.7075,699.61,21.75,18.54,48.11,28.91,46.16,61.46,14.14,5
2020-11-07 08:00:00,10.804,106.7075,808.98,14.39,20.99,90.68,26.56,41.48,72.61,11.64,4
2020-11-07 09:00:00,10.804,106.7075,882.21,12.35,26.26,56.29,37.32,50.0,58.31,6.29,5
2020-11-07 10:00:00,10.804,106.7075,686.76,22.9,15.18,69.59,33.39,25.57,56.83,12.89,3
2020-11-07 11:00:00,10.804,106.7075,643.13,8.98,16.51,29.78,21.75,20.21,50.41,5.69,2
2020-11-07 12:00:00,10.804,106.7075,735.07,2.22,21.99,57.5,15.03,32.99,64.73,4.37,3
2020-11-07 13:00:00,10.804,106.7075,950.89,12.1,15.77,44.16,27.79,30.61,56.47,5.24,3
2020-11-07 14:00:00,10.804,106.7075,725.4,2.93,19.33,31.44,21.32,39.89,63.1,9.83,4
2020-11-07 15:00:00,10.804,106.7075,536.15,8.42,27.28,47.13,36.6,33.15,52.3,7.07,3
2020-11-07 16:00:00,10.804,106.7075,720.03,9.24,24.25,59.35,21.07,19.35,30.0,9.52,2
2020-11-07 17:00:00,10.804,106.7075,744.5,2.24,28.33,95.89,32.47,45.71,65.98,10.1,5
2020-11-07 18:00:00,10.804,106.7075,1047.86,11.55,27.6,63.33,29.16,46.94,62.9,8.13,5
2020-11-07 19:00:00,10.804,106.7075,990.48,8.51,26.17,58.36,37.93,42.8,64.7,12.85,4
2020-11-07 20:00:00,10.804,106.7075,838.53,11.79,18.06,20.82,17.17,24.56,37.69,6.64,2
2020-11-07 21:00:00,10.804,106.7075,638.5,11.65,17.58,47.8,22.82,15.0,33.73,6.77,2
2020-11-07 22:00:00,10.804,106.7075,448.55,12.0,27.18,58.78,21.43,38.93,46.78,6.19,4
2020-11-07 23:00:00,10.804,106.7075,537.99,7.49,15.67,43.06,23.3,27.02,50.24,10.77,3
2020-11-08 00:00:00,10.804,106.7075,772.43,1.58,10.0,54.51,15.67,25.2,30.96,3.0,3
2020-11-08 01:00:00,10.804,106.7075,711.22,12.8,14.54,1.63,19.77,30.13,30.0,7.75,3
2020-11-08 02:00:00,10.804,106.7075,487.7,9.9,14.72,16.9,23.48,19.73,34.67,3.0,2
2020-11-08 03:00:00,10.804,106.7075,423.51,2.58,12.96,57.18,15.0,15.0,52.65,4.97,2
2020-11-08 04:00:00,10.804,106.7075,400.0,12.2,10.37,58.89,20.89,17.1,60.89,3.78,2
2020-11-08 05:00:00,10.804,106.7075,601.31,8.5,21.81,54.92,17.66,15.0,40.52,3.57,2
2020-11-08 06:00:00,10.804,106.7075,932.01,9.68,15.81,43.27,15.76,19.23,59.4,5.23,2
2020-11-08 07:00:00,10.804,106.7075,752.96,15.68,33.11,69.28,37.48,32.95,47.94,14.9,3
2020-11-08 08:00:00,10.804,106.7075,861.6,11.75,33.97,66.84,34.78,50.0,57.28,13.18,5
2020-11-08 09:00:00,10.804,106.7075,918.55,14.34,35.0,66.12,35.19,47.58,60.62,7.88,5
2020-11-08 10:00:00,10.804,106.7075,543.28,1.0,32.34,28.45,23.89,27.79,53.69,10.45,3
2020-11-08 11:00:00,10.804,106.7075,829.07,7.08,19.0,49.24,23.76,42.86,55.89,10.2,4
2020-11-08 12:00:00,10.804,106.7075,799.43,15.87,21.09,25.55,27.0,24.79,43.66,9.76,2
2020-11-08 13:00:00,10.804,106.7075,885.74,10.11,21.85,70.53,26.2,50.0,56.79,3.0,5
2020-11-08 14:00:00,10.804,106.7075,813.0,11.91,27.74,55.1,24.31,20.21,47.49,5.45,2
2020-11-08 15:00:00,10.804,106.7075,612.92,12.94,30.02,50.92,19.02,33.56,64.36,6.17,3
2020-11-08 16:00:00,10.804,106.7075,679.9,10.07,15.29,54.72,24.4,33.36,39.35,6.69,3
2020-11-08 17:00:00,10.804,106.7075,1018.36,11.14,35.0,52.51,33.62,46.46,47.98,5.12,5
2020-11-08 18:00:00,10.804,106.7075,681.15,19.31,22.69,96.87,29.68,40.48,80.0,15.0,4
2020-11-08 19:00:00,10.804,106.7075,1200.0,19.04,32.14,67.39,36.39,34.59,55.18,10.39,3
2020-11-08 20:00:00,10.804,106.7075,604.47,6.73,22.18,54.83,22.94,38.82,31.3,6.62,4
2020-11-08 21:00:00,10.804,106.7075,522.48,1.0,17.5,38.67,30.07,32.05,32.71,12.76,3
2020-11-08 22:00:00,10.804,106.7075,813.16,11.91,16.64,26.11,20.64,35.71,67.62,11.83,4
2020-11-08 23:00:00,10.804,106.7075,556.67,3.4,18.85,13.97,24.12,25.82,39.41,3.0,3
2020-11-09 00:00:00,10.804,106.7075,707.04,6.34,10.98,1.0,22.36,41.18,64.94,5.83,4
2020-11-09 01:00:00,10.804,106.7075,539.67,11.34,12.01,45.03,26.33,36.82,43.8,6.59,4
2020-11-09 02:00:00,10.804,106.7075,400.0,2.87,12.64,37.01,22.07,15.0,52.91,4.79,2
2020-11-09 03:00:00,10.804,106.7075,486.79,3.26,10.0,44.76,21.18,18.75,35.8,7.15,2
2020-11-09 04:00:00,10.804,106.7075,400.0,4.35,18.77,12.69,18.97,15.0,40.6,5.49,2
2020-11-09 05:00:00,10.804,106.7075,400.0,12.82,10.0,19.35,18.5,30.19,30.0,5.79,3
2020-11-09 06:00:00,10.804,106.7075,694.32,12.47,19.06,34.99,18.36,27.69,32.13,3.0,3
2020-11-09 07:00:00,10.804,106.7075,975.48,17.52,11.82,43.35,35.6,50.0,65.25,8.22,5
2020-11-09 08:00:00,10.804,106.7075,882.57,19.87,22.12,46.51,30.09,31.37,66.47,15.0,3
2020-11-09 09:00:00,10.804,106.7075,958.46,11.74,24.25,35.05,36.92,38.38,62.83,15.0,4
2020-11-09 10:00:00,10.804,106.7075,744.81,6.24,17.44,62.23,25.57,18.49,61.03,6.0,2
2020-11-09 11:00:00,10.804,106.7075,980.99,15.4,17.32,64.22,25.34,36.82,55.82,5.46,4
2020-11-09 12:00:00,10.804,106.7075,603.47,15.15,17.99,38.95,20.22,33.39,74.75,4.8,3
2020-11-09 13:00:00,10.804,106.7075,703.63,17.06,19.52,51.79,19.69,33.43,47.75,10.96,3
2020-11-09 14:00:00,10.804,106.7075,878.11,22.95,23.48,49.89,25.97,27.17,54.06,7.11,3
2020-11-09 15:00:00,10.804,106.7075,725.27,16.59,13.96,62.1,31.59,29.06,30.0,6.18,3
2020-11-09 16:00:00,10.804,106.7075,894.55,9.89,14.0,37.43,29.2,34.37,47.13,6.9,3
2020-11-09 17:00:00,10.804,106.7075,851.24,8.39,35.0,53.67,38.59,50.0,76.98,9.11,5
2020-11-09 18:00:00,10.804,106.7075,970.56,12.88,20.58,63.37,26.6,48.5,59.42,11.0,5
2020-11-09 19:00:00,10.804,106.7075,952.49,11.71,29.52,51.38,36.86,28.23,66.52,15.0,3
2020-11-09 20:00:00,10.804,106.7075,479.95,5.61,21.08,43.19,24.25,30.91,52.62,10.53,3
2020-11-09 21:00:00,10.804,106.7075,691.47,7.79,22.04,69.0,21.84,19.2,58.28,6.84,2
2020-11-09 22:00:00,10.804,106.7075,400.0,13.24,14.79,39.14,24.16,28.52,53.51,5.89,3
2020-11-09 23:00:00,10.804,106.7075,706.97,7.7,22.43,49.73,17.82,35.69,38.57,9.62,4
2020-11-10 00:00:00,10.804,106.7075,685.09,18.19,16.66,35.26,22.4,24.57,54.6,3.0,2
2020-11-10 01:00:00,10.804,106.7075,471.95,3.66,23.7,66.16,21.98,25.65,45.84,10.69,3
2020-11-10 02:00:00,10.804,106.7075,400.0,8.19,19.85,39.02,18.45,29.01,30.0,7.63,3
2020-11-10 03:00:00,10.804,106.7075,400.0,1.0,17.07,52.1,16.81,28.62,54.35,9.54,3
2020-11-10 04:00:00,10.804,106.7075,735.99,10.71,14.45,7.47,16.27,15.0,61.05,5.07,2
2020-11-10 05:00:00,10.804,106.7075,508.48,9.76,14.26,56.93,15.0,22.56,30.0,3.0,2
2020-11-10 06:00:00,10.804,106.7075,538.23,8.81,15.42,30.11,15.47,26.34,30.0,9.48,3
2020-11-10 07:00:00,10.804,106.7075,922.37,5.71,24.14,47.22,34.1,49.72,42.5,10.75,5
2020-11-10 08:00:00,10.804,106.7075,885.98,16.36,27.28,47.22,30.9,32.63,77.91,10.46,3
2020-11-10 09:00:00,10.804,106.7075,1195.18,12.7,21.75,35.79,23.48,26.33,68.21,11.93,3
2020-11-10 10:00:00,10.804,106.7075,462.82,14.48,17.1,47.2,33.06,37.17,46.78,5.33,4
2020-11-10 11:00:00,10.804,106.7075,400.0,6.4,18.73,30.19,24.34,30.61,47.3,6.05,3
2020-11-10 12:00:00,10.804,106.7075,725.3,12.21,13.46,66.16,24.51,30.15,58.5,8.7,3
2020-11-10 13:00:00,10.804,106.7075,842.97,11.44,16.33,50.42,19.28,30.87,49.6,7.38,3
2020-11-10 14:00:00,10.804,106.7075,680.72,1.0,16.71,46.39,25.8,21.78,65.19,5.4,2
2020-11-10 15:00:00,10.804,106.7075,845.42,12.14,16.12,71.63,19.03,37.35,62.01,5.99,4
2020-11-10 16:00:00,10.804,106.7075,908.87,8.75,21.73,48.9,24.33,36.49,59.52,3.0,4
2020-11-10 17:00:00,10.804,106.7075,1105.65,4.69,32.2,75.4,27.05,35.71,51.73,9.76,4
2020-11-10 18:00:00,10.804,106.7075,863.79,16.9,33.86,79.44,29.69,37.33,44.8,7.98,4
2020-11-10 19:00:00,10.804,106.7075,1054.73,21.08,18.59,49.61,32.37,41.24,55.28,11.67,4
2020-11-10 20:00:00,10.804,106.7075,558.92,8.93,21.28,40.6,20.32,26.12,43.94,6.09,3
2020-11-10 21:00:00,10.804,106.7075,591.18,16.99,21.37,36.07,25.98,24.33,59.08,8.31,2
2020-11-10 22:00:00,10.804,106.7075,613.9,11.24,10.0,23.6,16.53,28.14,65.79,13.89,3
2020-11-10 23:00:00,10.804,106.7075,725.71,11.5,10.0,32.36,18.56,22.03,42.98,5.78,2
2020-11-11 00:00:00,10.804,106.7075,400.0,12.74,11.56,44.09,32.87,19.64,30.0,6.34,2
2020-11-11 01:00:00,10.804,106.7075,795.14,18.79,10.62,47.95,20.17,26.15,76.73,3.0,3
2020-11-11 02:00:00,10.804,106.7075,528.06,9.34,20.51,32.97,19.04,17.87,38.23,4.57,2
2020-11-11 03:00:00,10.804,106.7075,583.24,5.15,16.26,31.06,23.13,20.59,30.0,9.39,2
2020-11-11 04:00:00,10.804,106.7075,400.0,3.73,10.43,52.12,15.0,46.1,47.67,6.27,5
2020-11-11 05:00:00,10.804,106.7075,481.77,8.43,17.13,41.18,20.28,21.72,32.63,5.15,2
2020-11-11 06:00:00,10.804,106.7075,600.76,14.67,21.56,1.0,25.78,28.56,44.78,6.03,3
2020-11-11 07:00:00,10.804,106.7075,1078.62,17.74,21.36,64.61,27.64,27.96,57.48,12.99,3
2020-11-11 08:00:00,10.804,106.7075,1052.97,15.57,30.35,66.24,29.29,42.46,74.6,12.66,4
2020-11-11 09:00:00,10.804,106.7075,1088.34,16.54,28.11,74.55,32.37,31.95,63.04,8.17,3
2020-11-11 10:00:00,10.804,106.7075,598.72,9.28,15.25,40.38,15.53,31.71,50.01,5.55,3
2020-11-11 11:00:00,10.804,106.7075,798.89,14.69,10.35,33.56,21.15,22.48,59.95,7.42,2
2020-11-11 12:00:00,10.804,106.7075,660.32,1.0,23.81,26.41,25.3,32.22,66.33,4.07,3
2020-11-11 13:00:00,10.804,106.7075,400.0,10.92,30.8,63.58,26.05,26.07,59.69,5.08,3
2020-11-11 14:00:00,10.804,106.7075,771.45,12.53,26.36,86.39,26.96,25.93,49.69,3.0,3
2020-11-11 15:00:00,10.804,106.7075,595.79,7.95,16.86,47.29,20.89,38.97,50.0,7.97,4
2020-11-11 16:00:00,10.804,106.7075,650.82,10.78,24.95,31.99,21.71,27.57,33.85,5.54,3
2020-11-11 17:00:00,10.804,106.7075,838.57,17.37,27.58,61.4,36.75,37.9,69.69,10.09,4
2020-11-11 18:00:00,10.804,106.7075,949.8,10.09,11.37,56.49,39.61,46.41,76.58,14.11,5
2020-11-11 19:00:00,10.804,106.7075,923.3,13.99,22.29,53.76,35.58,48.63,63.33,9.05,5
2020-11-11 20:00:00,10.804,106.7075,630.08,12.01,10.0,6.06,19.75,17.23,38.9,6.76,2
2020-11-11 21:00:00,10.804,106.7075,562.01,16.26,19.96,45.01,25.61,17.89,57.47,6.97,2
2020-11-11 22:00:00,10.804,106.7075,730.57,3.64,10.0,52.77,24.38,19.78,34.56,10.58,2
2020-11-11 23:00:00,10.804,106.7075,451.59,17.21,12.6,50.08,20.86,31.83,38.47,6.71,3
2020-11-12 00:00:00,10.804,106.7075,636.14,3.99,22.44,32.8,21.36,19.05,30.0,6.63,2
2020-11-12 01:00:00,10.804,106.7075,991.89,12.92,17.88,36.56,22.61,31.38,30.83,10.54,3
2020-11-12 02:00:00,10.804,106.7075,597.31,10.59,16.63,31.79,20.86,25.73,30.75,3.88,3
2020-11-12 03:00:00,10.804,106.7075,505.28,14.75,10.0,9.49,18.32,21.41,37.08,6.33,2
2020-11-12 04:00:00,10.804,106.7075,456.52,14.45,10.0,19.07,16.98,15.0,32.89,10.58,2
2020-11-12 05:00:00,10.804,106.7075,493.13,8.15,10.0,22.25,15.62,18.46,50.38,7.27,2
2020-11-12 06:00:00,10.804,106.7075,463.28,10.23,20.99,57.6,30.4,18.88,35.27,3.43,2
2020-11-12 07:00:00,10.804,106.7075,874.9,15.33,31.92,57.36,30.9,40.21,54.98,15.0,4
2020-11-12 08:00:00,10.804,106.7075,668.85,13.92,35.0,58.6,31.55,36.14,62.84,14.52,4
2020-11-12 09:00:00,10.804,106.7075,578.22,20.67,17.46,54.5,30.35,43.71,45.82,11.79,4
2020-11-12 10:00:00,10.804,106.7075,1003.65,3.18,21.14,35.07,27.13,30.15,42.3,9.46,3
2020-11-12 11:00:00,10.804,106.7075,970.65,9.05,24.32,25.6,20.22,33.78,67.81,9.07,3
2020-11-12 12:00:00,10.804,106.7075,653.04,10.0,12.5,54.07,29.41,26.38,44.36,8.8,3
2020-11-12 13:00:00,10.804,106.7075,634.49,9.67,32.6,41.29,23.21,24.82,58.93,7.46,2
2020-11-12 14:00:00,10.804,106.7075,602.59,16.61,28.52,35.99,15.67,38.06,41.78,10.37,4
2020-11-12 15:00:00,10.804,106.7075,404.48,14.46,12.73,55.96,25.07,22.37,45.12,10.06,2
2020-11-12 16:00:00,10.804,106.7075,715.88,12.92,31.86,21.54,33.09,30.83,39.21,4.01,3
2020-11-12 17:00:00,10.804,106.7075,881.63,17.61,25.23,81.17,25.24,38.9,49.97,11.49,4
2020-11-12 18:00:00,10.804,106.7075,1043.03,10.9,10.37,61.48,34.68,42.23,79.83,7.19,4
2020-11-12 19:00:00,10.804,106.7075,1012.03,18.96,15.33,63.29,29.98,38.35,69.17,8.94,4
2020-11-12 20:00:00,10.804,106.7075,528.64,9.17,11.48,24.21,25.9,17.81,53.0,8.59,2
2020-11-12 21:00:00,10.804,106.7075,400.0,5.61,25.16,25.78,20.18,30.7,54.4,6.45,3
2020-11-12 22:00:00,10.804,106.7075,540.37,16.11,28.43,55.18,22.93,20.53,35.03,8.77,2
2020-11-12 23:00:00,10.804,106.7075,692.76,16.01,21.9,17.95,27.76,19.02,40.39,7.95,2
2020-11-13 00:00:00,10.804,106.7075,929.35,24.55,21.64,37.75,25.17,34.1,41.15,12.59,3
2020-11-13 01:00:00,10.804,106.7075,664.51,11.49,22.0,46.82,26.69,22.06,38.3,3.9,2
2020-11-13 02:00:00,10.804,106.7075,555.93,10.89,16.75,56.62,17.47,26.35,30.0,4.44,3
2020-11-13 03:00:00,10.804,106.7075,594.33,11.25,12.24,30.43,15.0,18.14,45.68,7.33,2
2020-11-13 04:00:00,10.804,106.7075,565.1,7.25,14.04,21.6,20.99,24.37,40.9,4.02,2
2020-11-13 05:00:00,10.804,106.7075,400.0,12.49,11.13,18.56,20.97,17.86,47.72,7.45,2
2020-11-13 06:00:00,10.804,106.7075,732.54,2.17,25.27,44.42,20.65,28.15,30.0,8.43,3
2020-11-13 07:00:00,10.804,106.7075,755.59,6.24,16.87,75.19,29.35,50.0,58.57,5.28,5
2020-11-13 08:00:00,10.804,106.7075,742.52,19.18,25.06,50.28,33.3,43.01,78.41,14.75,4
2020-11-13 09:00:00,10.804,106.7075,856.03,6.37,23.52,62.4,27.68,31.34,69.13,10.25,3
2020-11-13 10:00:00,10.804,106.7075,704.92,6.21,18.62,31.14,29.45,38.28,30.0,5.21,4
2020-11-13 11:00:00,10.804,106.7075,475.52,6.75,19.5,23.26,20.39,21.97,52.49,8.21,2
2020-11-13 12:00:00,10.804,106.7075,591.74,10.88,16.72,40.93,33.37,40.72,34.41,10.49,4
2020-11-13 13:00:00,10.804,106.7075,821.71,4.26,24.91,68.07,19.39,22.66,62.21,8.81,2
2020-11-13 14:00:00,10.804,106.7075,782.72,11.7,22.34,25.1,30.24,39.36,47.25,7.87,4
2020-11-13 15:00:00,10.804,106.7075,470.33,12.57,23.43,44.07,30.62,27.33,56.78,4.94,3
2020-11-13 16:00:00,10.804,106.7075,696.47,9.13,21.35,39.46,24.34,36.61,44.76,3.18,4
2020-11-13 17:00:00,10.804,106.7075,1172.44,19.91,18.25,68.85,29.99,41.11,68.53,9.7,4
2020-11-13 18:00:00,10.804,106.7075,792.44,9.55,20.5,46.02,32.16,33.27,73.18,14.86,3
2020-11-13 19:00:00,10.804,106.7075,822.99,14.2,29.0,65.58,32.88,44.94,70.79,6.69,4
2020-11-13 20:00:00,10.804,106.7075,760.37,13.44,13.42,41.07,25.92,25.33,57.88,14.29,3
2020-11-13 21:00:00,10.804,106.7075,512.1,2.09,19.82,51.32,21.35,38.63,30.0,9.28,4
2020-11-13 22:00:00,10.804,106.7075,539.12,17.6,29.96,29.0,19.75,33.88,40.35,7.06,3
2020-11-13 23:00:00,10.804,106.7075,633.81,1.0,17.92,30.15,20.03,38.55,30.0,9.64,4
2020-11-14 00:00:00,10.804,106.7075,588.16,7.6,22.74,45.6,25.35,34.75,41.02,5.36,3
2020-11-14 01:00:00,10.804,106.7075,467.23,4.87,35.0,59.17,15.74,16.42,50.78,8.84,2
2020-11-14 02:00:00,10.804,106.7075,572.33,5.73,13.25,36.42,17.93,15.0,32.24,3.05,2
2020-11-14 03:00:00,10.804,106.7075,516.28,21.93,16.2,26.8,22.11,24.86,40.04,7.42,2
2020-11-14 04:00:00,10.804,106.7075,798.48,1.35,16.84,17.6,20.28,15.0,30.0,4.71,2
2020-11-14 05:00:00,10.804,106.7075,636.37,11.59,10.0,32.32,15.0,15.0,32.4,4.67,2
2020-11-14 06:00:00,10.804,106.7075,994.01,11.16,10.0,32.03,27.61,43.71,30.0,3.0,4
2020-11-14 07:00:00,10.804,106.7075,1190.64,14.95,20.79,66.52,19.32,39.03,68.93,13.17,4
2020-11-14 08:00:00,10.804,106.7075,757.92,13.43,20.45,62.33,28.02,35.74,53.05,12.35,4
2020-11-14 09:00:00,10.804,106.7075,1038.77,11.83,26.23,36.77,31.0,38.6,80.0,7.06,4
2020-11-14 10:00:00,10.804,106.7075,919.63,14.98,21.68,71.38,26.86,33.11,49.36,11.67,3
2020-11-14 11:00:00,10.804,106.7075,864.47,6.87,12.08,41.96,21.0,29.49,64.85,6.63,3
2020-11-14 12:00:00,10.804,106.7075,693.58,10.29,25.09,11.3,21.97,31.69,64.4,6.52,3
2020-11-14 13:00:00,10.804,106.7075,418.52,13.1,16.19,27.16,21.88,28.52,42.74,3.0,3
2020-11-14 14:00:00,10.804,106.7075,834.56,16.37,23.91,27.93,23.99,29.95,57.19,10.01,3
2020-11-14 15:00:00,10.804,106.7075,589.87,10.41,22.74,66.84,28.52,36.31,51.01,12.23,4
2020-11-14 16:00:00,10.804,106.7075,761.46,5.69,28.42,55.47,22.78,26.16,53.56,9.39,3
2020-11-14 17:00:00,10.804,106.7075,939.59,14.56,35.0,74.57,33.45,46.53,52.61,11.59,5
2020-11-14 18:00:00,10.804,106.7075,1181.4,11.91,20.91,48.72,27.05,32.72,60.55,6.18,3
2020-11-14 19:00:00,10.804,106.7075,912.34,17.51,20.55,81.29,35.05,47.24,57.11,12.96,5
2020-11-14 20:00:00,10.804,106.7075,466.21,13.45,19.03,48.8,16.62,19.84,52.17,4.35,2
2020-11-14 21:00:00,10.804,106.7075,699.48,2.16,23.09,22.01,25.26,32.01,36.64,8.95,3
2020-11-14 22:00:00,10.804,106.7075,669.07,6.31,11.95,11.06,24.25,15.0,46.14,6.41,2
2020-11-14 23:00:00,10.804,106.7075,731.87,7.49,16.02,51.48,24.18,29.53,50.63,3.0,3
2020-11-15 00:00:00,10.804,106.7075,743.52,12.06,11.9,36.84,22.3,25.92,49.01,11.49,3
2020-11-15 01:00:00,10.804,106.7075,792.27,2.44,21.73,60.43,24.43,35.73,69.15,10.27,4
2020-11-15 02:00:00,10.804,106.7075,527.4,12.23,14.87,31.86,15.74,33.51,30.0,10.2,3
2020-11-15 03:00:00,10.804,106.7075,564.98,1.0,16.21,1.0,20.63,28.08,30.0,5.97,3
2020-11-15 04:00:00,10.804,106.7075,783.12,4.47,10.0,53.72,27.31,21.03,47.14,9.62,2
2020-11-15 05:00:00,10.804,106.7075,400.0,4.57,21.39,56.78,20.31,15.0,58.84,4.01,2
2020-11-15 06:00:00,10.804,106.7075,579.73,10.71,27.32,53.31,24.57,30.71,45.52,8.87,3
2020-11-15 07:00:00,10.804,106.7075,530.57,11.52,27.45,41.23,34.43,37.36,80.0,15.0,4
2020-11-15 08:00:00,10.804,106.7075,840.13,12.25,25.56,51.73,33.48,32.93,51.43,12.27,3
2020-11-15 09:00:00,10.804,106.7075,1004.43,8.98,31.37,49.03,33.77,45.56,64.6,11.76,5
2020-11-15 10:00:00,10.804,106.7075,622.54,9.02,18.76,33.8,24.12,17.61,44.11,7.15,2
2020-11-15 11:00:00,10.804,106.7075,661.57,8.79,19.63,52.19,29.37,24.8,35.56,4.87,2
2020-11-15 12:00:00,10.804,106.7075,626.92,8.24,15.38,25.56,22.72,31.45,57.14,6.33,3
2020-11-15 13:00:00,10.804,106.7075,638.05,5.37,19.81,32.27,27.87,15.71,45.68,8.9,2
2020-11-15 14:00:00,10.804,106.7075,727.58,23.47,22.1,29.94,24.52,15.79,49.03,5.5,2
2020-11-15 15:00:00,10.804,106.7075,837.31,7.25,19.3,35.47,33.69,27.43,71.99,10.44,3
2020-11-15 16:00:00,10.804,106.7075,772.31,11.84,22.36,16.08,23.61,36.76,49.41,3.78,4
2020-11-15 17:00:00,10.804,106.7075,902.14,21.52,33.48,57.57,37.26,36.07,44.55,7.63,4
2020-11-15 18:00:00,10.804,106.7075,1144.43,11.63,24.54,54.0,40.0,50.0,80.0,9.92,5
2020-11-15 19:00:00,10.804,106.7075,954.34,5.42,34.86,40.98,33.58,30.22,57.93,7.89,3
2020-11-15 20:00:00,10.804,106.7075,538.82,6.3,14.71,53.0,16.98,28.76,59.62,5.66,3
2020-11-15 21:00:00,10.804,106.7075,522.31,7.85,25.08,43.41,19.84,30.87,31.77,9.24,3
2020-11-15 22:00:00,10.804,106.7075,691.29,7.46,12.97,27.2,25.17,36.83,37.35,8.58,4
2020-11-15 23:00:00,10.804,106.7075,400.0,6.08,17.81,26.85,17.82,21.66,48.51,6.64,2
2020-11-16 00:00:00,10.804,106.7075,400.0,1.0,14.36,47.37,15.0,23.0,38.69,11.37,2
2020-11-16 01:00:00,10.804,106.7075,572.25,10.91,18.85,8.54,26.34,28.72,51.1,15.0,3
2020-11-16 02:00:00,10.804,106.7075,400.0,15.62,12.28,35.81,17.27,17.61,30.0,6.59,2
2020-11-16 03:00:00,10.804,106.7075,400.0,10.75,11.5,14.55,15.25,31.06,30.0,6.68,3
2020-11-16 04:00:00,10.804,106.7075,400.0,10.79,18.11,59.23,16.62,26.35,36.18,9.49,3
2020-11-16 05:00:00,10.804,106.7075,400.0,10.73,12.83,30.54,17.96,23.02,33.61,6.24,2
2020-11-16 06:00:00,10.804,106.7075,866.72,13.93,23.21,33.67,18.05,34.64,55.51,11.62,3
2020-11-16 07:00:00,10.804,106.7075,819.4,11.85,16.16,52.61,37.48,35.27,72.69,9.83,4
2020-11-16 08:00:00,10.804,106.7075,958.61,7.26,26.51,13.63,31.57,25.96,79.47,12.73,3
2020-11-16 09:00:00,10.804,106.7075,980.0,20.61,20.31,84.71,37.16,37.11,78.63,7.08,4
2020-11-16 10:00:00,10.804,106.7075,576.32,6.96,16.83,29.15,31.12,27.93,54.23,6.29,3
2020-11-16 11:00:00,10.804,106.7075,426.91,11.35,10.0,43.97,18.16,45.9,60.94,8.32,5
2020-11-16 12:00:00,10.804,106.7075,889.56,5.77,23.26,48.0,26.32,40.18,58.79,8.87,4
2020-11-16 13:00:00,10.804,106.7075,451.77,5.2,19.26,46.4,19.35,49.29,68.2,9.81,5
2020-11-16 14:00:00,10.804,106.7075,710.81,8.94,14.29,46.16,26.29,20.07,54.01,7.53,2
2020-11-16 15:00:00,10.804,106.7075,413.83,5.7,17.52,73.32,27.78,19.32,55.83,3.36,2
2020-11-16 16:00:00,10.804,106.7075,862.4,7.64,19.44,64.89,18.56,18.82,43.0,11.12,2
2020-11-16 17:00:00,10.804,106.7075,682.1,1.0,23.29,66.78,38.5,35.29,60.06,13.86,4
2020-11-16 18:00:00,10.804,106.7075,629.54,11.06,27.14,65.24,29.95,39.28,35.14,8.43,4
2020-11-16 19:00:00,10.804,106.7075,978.03,8.09,26.35,65.2,30.79,40.36,53.45,9.78,4
2020-11-16 20:00:00,10.804,106.7075,721.53,9.78,14.48,43.86,26.07,15.0,58.91,6.19,2
2020-11-16 21:00:00,10.804,106.7075,693.82,14.99,10.0,29.86,21.06,20.73,65.82,4.63,2
2020-11-16 22:00:00,10.804,106.7075,546.67,10.02,10.79,34.56,24.09,24.34,43.88,5.61,2
2020-11-16 23:00:00,10.804,106.7075,402.83,10.61,28.53,40.78,23.63,32.54,30.0,12.31,3
2020-11-17 00:00:00,10.804,106.7075,660.35,17.16,13.6,67.77,26.38,31.42,47.81,6.45,3
2020-11-17 01:00:00,10.804,106.7075,810.08,9.7,10.0,23.74,21.57,29.48,44.32,10.86,3
2020-11-17 02:00:00,10.804,106.7075,400.0,7.72,10.0,42.9,17.03,24.36,30.0,9.44,2
2020-11-17 03:00:00,10.804,106.7075,646.26,9.92,13.22,40.2,15.0,27.84,54.79,8.81,3
2020-11-17 04:00:00,10.804,106.7075,400.0,8.81,10.0,40.09,19.75,15.0,30.0,4.75,2
2020-11-17 05:00:00,10.804,106.7075,444.87,1.0,16.33,35.27,16.53,15.0,47.58,10.57,2
2020-11-17 06:00:00,10.804,106.7075,557.47,5.94,20.95,35.13,21.8,32.92,30.0,11.15,3
2020-11-17 07:00:00,10.804,106.7075,920.9,10.94,25.46,57.94,23.84,50.0,65.5,11.73,5
2020-11-17 08:00:00,10.804,106.7075,1052.73,7.89,28.84,54.49,36.73,21.98,63.81,8.59,2
2020-11-17 09:00:00,10.804,106.7075,974.84,15.35,21.75,47.82,31.95,31.83,75.1,9.29,3
2020-11-17 10:00:00,10.804,106.7075,400.0,8.13,13.77,20.53,18.81,30.88,65.94,8.94,3
2020-11-17 11:00:00,10.804,106.7075,609.02,12.28,17.25,34.58,19.23,15.99,45.32,8.47,2
2020-11-17 12:00:00,10.804,106.7075,685.51,7.92,14.33,54.12,18.41,36.21,37.97,5.74,4
2020-11-17 13:00:00,10.804,106.7075,479.98,7.49,25.85,52.73,29.89,34.18,36.76,7.01,3
2020-11-17 14:00:00,10.804,106.7075,582.97,16.65,12.82,58.41,29.46,44.64,45.08,10.14,4
2020-11-17 15:00:00,10.804,106.7075,1042.25,6.91,10.79,16.8,28.56,15.0,45.53,9.31,2
2020-11-17 16:00:00,10.804,106.7075,727.78,12.13,21.33,64.18,20.24,24.58,40.73,10.49,2
2020-11-17 17:00:00,10.804,106.7075,1045.06,15.26,33.1,40.83,40.0,50.0,73.83,15.0,5
2020-11-17 18:00:00,10.804,106.7075,661.51,10.38,21.59,69.32,27.25,45.06,80.0,12.49,5
2020-11-17 19:00:00,10.804,106.7075,952.56,8.06,20.92,77.24,36.4,38.69,59.99,4.32,4
2020-11-17 20:00:00,10.804,106.7075,469.37,18.56,10.32,43.34,27.54,16.96,47.22,10.01,2
2020-11-17 21:00:00,10.804,106.7075,631.87,23.34,10.0,56.38,21.64,33.18,50.3,5.0,3
2020-11-17 22:00:00,10.804,106.7075,664.35,1.0,21.62,44.97,25.69,35.46,49.41,7.64,4
2020-11-17 23:00:00,10.804,106.7075,497.84,5.44,25.12,62.05,21.31,27.37,34.14,10.72,3
2020-11-18 00:00:00,10.804,106.7075,729.81,18.71,12.73,34.83,23.66,32.17,42.41,4.58,3
2020-11-18 01:00:00,10.804,106.7075,762.21,12.61,12.5,60.83,28.35,28.07,45.96,8.86,3
2020-11-18 02:00:00,10.804,106.7075,400.0,7.15,10.0,44.65,15.0,33.03,31.04,4.96,3
2020-11-18 03:00:00,10.804,106.7075,400.0,5.56,22.51,1.0,23.88,23.7,30.0,3.0,2
2020-11-18 04:00:00,10.804,106.7075,741.46,2.27,10.0,48.56,19.19,15.0,37.6,3.0,2
2020-11-18 05:00:00,10.804,106.7075,655.12,12.31,17.19,36.92,26.31,21.0,30.0,6.95,2
2020-11-18 06:00:00,10.804,106.7075,942.91,3.93,15.83,46.75,22.23,19.14,58.46,14.16,2
2020-11-18 07:00:00,10.804,106.7075,939.42,8.48,16.71,62.37,38.02,42.8,64.97,8.63,4
2020-11-18 08:00:00,10.804,106.7075,746.18,17.17,31.48,35.31,40.0,43.59,80.0,6.37,4
2020-11-18 09:00:00,10.804,106.7075,705.13,12.26,29.02,85.45,36.03,37.06,52.68,14.09,4
2020-11-18 10:00:00,10.804,106.7075,555.29,18.14,18.29,68.86,28.39,28.9,43.77,6.98,3
2020-11-18 11:00:00,10.804,106.7075,764.25,10.39,16.44,42.52,25.39,15.0,55.5,5.06,2
2020-11-18 12:00:00,10.804,106.7075,527.0,1.56,10.0,24.67,21.45,45.63,43.69,8.53,5
2020-11-18 13:00:00,10.804,106.7075,760.07,10.66,19.54,27.07,32.25,44.46,30.0,4.93,4
2020-11-18 14:00:00,10.804,106.7075,658.03,5.18,23.04,34.08,35.83,39.52,52.55,11.08,4
2020-11-18 15:00:00,10.804,106.7075,865.89,7.18,15.1,46.17,29.31,31.11,31.08,5.59,3
2020-11-18 16:00:00,10.804,106.7075,688.9,9.62,31.84,24.21,27.53,41.91,77.26,6.79,4
2020-11-18 17:00:00,10.804,106.7075,983.71,15.85,27.17,57.02,34.68,18.74,73.18,10.78,2
2020-11-18 18:00:00,10.804,106.7075,876.63,23.23,21.95,52.45,40.0,32.34,58.4,9.96,3
2020-11-18 19:00:00,10.804,106.7075,1036.11,14.04,18.24,50.52,29.46,38.38,70.11,11.65,4
2020-11-18 20:00:00,10.804,106.7075,400.0,14.32,19.52,61.27,24.72,35.81,50.6,11.24,4
2020-11-18 21:00:00,10.804,106.7075,708.34,8.51,31.63,53.84,25.37,16.79,30.0,8.08,2
2020-11-18 22:00:00,10.804,106.7075,651.83,5.93,18.85,64.33,25.98,17.87,43.66,4.79,2
2020-11-18 23:00:00,10.804,106.7075,571.85,6.93,15.13,21.67,21.86,22.52,30.0,13.36,2
2020-11-19 00:00:00,10.804,106.7075,793.32,7.12,18.11,22.93,30.98,42.18,46.88,10.27,4
2020-11-19 01:00:00,10.804,106.7075,656.29,2.32,15.53,42.48,20.23,25.25,43.9,6.96,3
2020-11-19 02:00:00,10.804,106.7075,497.84,1.7,10.0,12.23,22.39,15.0,48.84,9.76,2
2020-11-19 03:00:00,10.804,106.7075,444.67,1.0,11.83,30.54,15.0,16.88,53.36,7.59,2
2020-11-19 04:00:00,10.804,106.7075,400.0,1.0,12.04,28.3,19.98,16.72,41.14,11.41,2
2020-11-19 05:00:00,10.804,106.7075,612.33,6.76,12.9,26.15,23.4,15.98,35.54,5.75,2
2020-11-19 06:00:00,10.804,106.7075,554.73,2.14,19.94,39.58,25.0,22.73,59.65,4.57,2
2020-11-19 07:00:00,10.804,106.7075,1166.81,4.26,28.61,65.63,28.52,42.4,80.0,3.75,4
2020-11-19 08:00:00,10.804,106.7075,985.41,1.0,20.21,82.94,29.59,29.61,62.62,15.0,3
2020-11-19 09:00:00,10.804,106.7075,635.25,7.74,34.98,86.37,31.98,29.09,80.0,15.0,3
2020-11-19 10:00:00,10.804,106.7075,801.84,5.94,19.71,42.59,26.65,41.61,60.55,4.77,4
2020-11-19 11:00:00,10.804,106.7075,906.47,11.57,24.12,67.0,19.44,29.71,43.62,3.3,3
2020-11-19 12:00:00,10.804,106.7075,752.01,22.56,10.0,44.52,28.2,30.98,48.64,4.1,3
2020-11-19 13:00:00,10.804,106.7075,734.92,6.22,10.0,62.92,29.79,30.41,52.75,11.22,3
2020-11-19 14:00:00,10.804,106.7075,733.65,14.52,18.22,64.68,26.6,31.55,34.76,8.86,3
2020-11-19 15:00:00,10.804,106.7075,575.21,6.81,15.11,29.01,35.62,40.65,73.04,4.33,4
2020-11-19 16:00:00,10.804,106.7075,710.69,3.53,15.83,31.23,31.2,26.83,62.82,9.81,3
2020-11-19 17:00:00,10.804,106.7075,1200.0,5.6,33.56,75.7,27.63,47.06,69.03,9.72,5
2020-11-19 18:00:00,10.804,106.7075,786.41,9.4,35.0,58.51,36.41,32.67,55.64,13.65,3
2020-11-19 19:00:00,10.804,106.7075,707.56,10.92,26.2,60.17,31.6,42.17,73.31,12.6,4
2020-11-19 20:00:00,10.804,106.7075,482.13,7.58,25.17,53.92,15.64,29.81,30.0,7.34,3
2020-11-19 21:00:00,10.804,106.7075,914.67,4.26,12.99,51.96,15.0,21.94,52.16,5.3,2
2020-11-19 22:00:00,10.804,106.7075,594.6,12.72,20.53,44.5,20.8,29.96,43.52,8.57,3
2020-11-19 23:00:00,10.804,106.7075,555.46,8.09,12.06,39.97,18.44,18.09,48.1,7.84,2
2020-11-20 00:00:00,10.804,106.7075,747.43,6.84,20.45,48.76,24.72,20.39,46.79,8.29,2
2020-11-20 01:00:00,10.804,106.7075,631.08,1.0,18.96,73.69,20.7,21.18,49.48,8.14,2
2020-11-20 02:00:00,10.804,106.7075,668.91,1.0,18.39,40.36,16.79,23.71,47.35,8.22,2
2020-11-20 03:00:00,10.804,106.7075,400.0,11.1,13.61,32.59,17.87,19.8,49.3,5.35,2
2020-11-20 04:00:00,10.804,106.7075,400.0,5.03,15.07,49.94,20.52,15.0,64.82,6.39,2
2020-11-20 05:00:00,10.804,106.7075,681.31,6.24,17.2,44.09,23.59,29.46,45.47,4.65,3
2020-11-20 06:00:00,10.804,106.7075,544.24,10.66,23.6,37.16,27.83,38.62,34.0,4.69,4
2020-11-20 07:00:00,10.804,106.7075,888.94,14.54,22.85,78.78,34.62,39.32,47.77,6.45,4
2020-11-20 08:00:00,10.804,106.7075,952.15,2.34,32.08,56.13,40.0,50.0,62.82,10.08,5
2020-11-20 09:00:00,10.804,106.7075,1059.34,21.52,16.17,31.7,29.39,43.66,70.96,13.61,4
2020-11-20 10:00:00,10.804,106.7075,520.05,1.0,25.15,32.58,15.0,31.16,59.52,7.63,3
2020-11-20 11:00:00,10.804,106.7075,631.32,9.2,17.78,24.78,21.43,34.17,53.86,8.5,3
2020-11-20 12:00:00,10.804,106.7075,550.73,9.09,10.0,47.68,32.14,18.21,42.97,8.99,2
2020-11-20 13:00:00,10.804,106.7075,887.93,7.76,15.85,15.47,25.52,46.34,53.33,7.93,5
2020-11-20 14:00:00,10.804,106.7075,748.31,9.94,15.12,57.35,26.13,30.14,38.3,11.91,3
2020-11-20 15:00:00,10.804,106.7075,799.71,7.24,26.01,37.54,21.09,23.92,30.0,9.41,2
2020-11-20 16:00:00,10.804,106.7075,425.33,3.86,10.0,43.71,24.25,27.39,37.49,4.48,3
2020-11-20 17:00:00,10.804,106.7075,979.66,10.25,27.9,45.22,33.41,49.43,72.03,9.16,5
2020-11-20 18:00:00,10.804,106.7075,948.58,11.8,26.05,53.62,31.68,40.7,53.08,7.35,4
2020-11-20 19:00:00,10.804,106.7075,701.72,5.0,18.7,60.89,28.04,43.11,65.42,4.49,4
2020-11-20 20:00:00,10.804,106.7075,728.25,13.05,12.04,46.8,18.22,27.78,30.0,3.0,3
2020-11-20 21:00:00,10.804,106.7075,572.58,8.38,15.61,22.74,20.5,29.15,44.46,7.75,3
2020-11-20 22:00:00,10.804,106.7075,529.48,14.86,10.94,47.81,28.41,30.85,42.57,5.62,3
2020-11-20 23:00:00,10.804,106.7075,785.41,1.89,12.18,34.54,28.69,30.04,33.38,6.27,3
2020-11-21 00:00:00,10.804,106.7075,537.85,5.45,23.87,19.92,30.54,33.63,58.09,5.81,3
2020-11-21 01:00:00,10.804,106.7075,607.51,1.83,14.85,47.9,28.98,18.14,40.61,6.75,2
2020-11-21 02:00:00,10.804,106.7075,400.0,9.96,10.0,28.57,15.24,15.0,34.92,4.95,2
2020-11-21 03:00:00,10.804,106.7075,434.22,3.36,15.92,56.3,18.2,28.97,30.0,6.07,3
2020-11-21 04:00:00,10.804,106.7075,400.0,1.0,10.0,49.38,22.25,22.94,30.0,5.01,2
2020-11-21 05:00:00,10.804,106.7075,535.26,7.88,10.0,18.15,17.18,25.29,30.0,5.11,3
2020-11-21 06:00:00,10.804,106.7075,651.46,13.25,22.16,49.24,18.5,15.0,40.28,10.2,2
2020-11-21 07:00:00,10.804,106.7075,1119.02,16.55,28.58,64.19,29.72,37.96,80.0,7.57,4
2020-11-21 08:00:00,10.804,106.7075,1152.22,11.39,33.95,37.4,35.43,33.11,48.02,11.06,3
2020-11-21 09:00:00,10.804,106.7075,1061.42,8.78,17.01,57.12,32.06,43.39,76.4,10.22,4
2020-11-21 10:00:00,10.804,106.7075,978.33,11.12,17.92,20.83,23.69,27.31,61.52,9.39,3
2020-11-21 11:00:00,10.804,106.7075,523.09,10.86,24.03,67.92,29.44,36.09,50.72,9.16,4
2020-11-21 12:00:00,10.804,106.7075,887.43,3.34,17.9,33.41,26.9,39.84,42.84,3.0,4
2020-11-21 13:00:00,10.804,106.7075,638.17,14.57,23.23,51.42,23.6,19.77,56.18,5.5,2
2020-11-21 14:00:00,10.804,106.7075,1027.61,12.85,16.52,35.83,24.54,28.08,63.4,8.56,3
2020-11-21 15:00:00,10.804,106.7075,590.26,19.45,20.3,56.53,21.96,32.9,53.73,3.0,3
2020-11-21 16:00:00,10.804,106.7075,1002.29,16.45,17.62,28.47,26.74,30.69,54.27,8.57,3
2020-11-21 17:00:00,10.804,106.7075,985.94,20.24,29.41,42.76,39.31,50.0,80.0,7.03,5
2020-11-21 18:00:00,10.804,106.7075,946.43,2.59,29.32,50.28,40.0,32.8,44.73,8.99,3
2020-11-21 19:00:00,10.804,106.7075,613.68,16.76,13.61,58.93,22.11,36.44,80.0,11.48,4
2020-11-21 20:00:00,10.804,106.7075,500.48,8.84,18.11,47.59,15.67,31.74,30.0,5.31,3
2020-11-21 21:00:00,10.804,106.7075,556.76,12.17,18.14,19.42,17.58,28.59,44.05,5.46,3
2020-11-21 22:00:00,10.804,106.7075,557.87,12.48,14.89,39.18,33.35,15.61,30.0,9.55,2
2020-11-21 23:00:00,10.804,106.7075,528.2,7.41,13.31,36.6,30.49,33.42,55.35,3.0,3
2020-11-22 00:00:00,10.804,106.7075,457.33,1.0,13.14,54.85,25.08,25.23,44.73,5.13,3
2020-11-22 01:00:00,10.804,106.7075,660.71,12.83,10.0,44.99,27.16,23.68,53.41,15.0,2
2020-11-22 02:00:00,10.804,106.7075,474.35,8.97,10.0,34.22,19.8,22.56,30.0,6.22,2
2020-11-22 03:00:00,10.804,106.7075,709.33,9.24,19.77,27.94,21.25,23.23,30.0,6.56,2
2020-11-22 04:00:00,10.804,106.7075,400.0,3.84,15.14,35.96,15.0,29.43,41.86,3.49,3
2020-11-22 05:00:00,10.804,106.7075,400.0,6.28,11.32,33.2,15.68,15.0,30.34,4.68,2
2020-11-22 06:00:00,10.804,106.7075,725.05,5.51,28.07,11.83,29.06,25.21,55.32,7.44,3
2020-11-22 07:00:00,10.804,106.7075,1080.93,11.06,19.41,79.81,31.93,40.77,79.82,7.3,4
2020-11-22 08:00:00,10.804,106.7075,999.32,10.05,25.21,59.58,25.0,32.77,80.0,13.06,3
2020-11-22 09:00:00,10.804,106.7075,900.6,14.22,24.23,78.85,31.5,40.85,78.75,8.07,4
2020-11-22 10:00:00,10.804,106.7075,933.82,2.35,29.78,39.41,23.79,15.0,44.54,4.88,2
2020-11-22 11:00:00,10.804,106.7075,608.85,9.31,25.75,48.11,26.54,21.24,39.43,13.4,2
2020-11-22 12:00:00,10.804,106.7075,589.72,18.28,18.54,45.03,30.35,40.18,48.67,6.84,4
2020-11-22 13:00:00,10.804,106.7075,691.61,11.69,25.35,45.06,28.09,43.11,54.58,8.93,4
2020-11-22 14:00:00,10.804,106.7075,472.16,1.0,22.33,43.58,22.43,31.95,49.28,11.38,3
2020-11-22 15:00:00,10.804,106.7075,712.92,6.27,25.94,41.74,27.63,26.18,42.2,8.25,3
2020-11-22 16:00:00,10.804,106.7075,701.92,12.4,18.39,17.45,22.84,36.35,46.43,7.26,4
2020-11-22 17:00:00,10.804,106.7075,1057.96,9.44,16.74,56.09,30.08,31.27,62.9,11.87,3
2020-11-22 18:00:00,10.804,106.7075,908.61,14.53,35.0,53.36,33.89,34.93,54.84,8.65,3
2020-11-22 19:00:00,10.804,106.7075,838.19,14.8,35.0,47.76,30.42,38.5,69.75,11.19,4
2020-11-22 20:00:00,10.804,106.7075,822.61,1.0,10.0,33.06,27.99,15.0,30.0,8.91,2
2020-11-22 21:00:00,10.804,106.7075,666.55,3.55,12.09,25.95,23.05,21.99,50.93,3.0,2
2020-11-22 22:00:00,10.804,106.7075,501.47,3.37,16.46,32.43,26.49,15.0,45.55,8.88,2
2020-11-22 23:00:00,10.804,106.7075,908.5,6.59,19.95,13.44,15.0,33.76,44.93,10.74,3
2020-11-23 00:00:00,10.804,106.7075,423.99,11.6,29.21,46.8,23.88,27.07,30.0,11.27,3
2020-11-23 01:00:00,10.804,106.7075,538.37,11.52,10.0,22.81,29.68,24.22,62.44,6.97,2
2020-11-23 02:00:00,10.804,106.7075,400.0,11.46,10.46,41.98,17.63,15.0,36.97,12.19,2
2020-11-23 03:00:00,10.804,106.7075,563.95,6.71,20.45,34.66,18.55,15.0,37.81,8.71,2
2020-11-23 04:00:00,10.804,106.7075,400.0,14.12,13.45,18.18,22.49,18.71,44.11,4.72,2
2020-11-23 05:00:00,10.804,106.7075,481.03,9.47,15.75,1.57,15.0,28.44,33.41,4.03,3
2020-11-23 06:00:00,10.804,106.7075,426.21,3.6,10.0,38.98,19.51,19.27,44.18,8.29,2
2020-11-23 07:00:00,10.804,106.7075,1200.0,5.44,32.96,73.1,28.6,40.63,59.51,10.96,4
2020-11-23 08:00:00,10.804,106.7075,1136.37,16.03,29.05,52.05,25.08,37.33,79.48,5.82,4
2020-11-23 09:00:00,10.804,106.7075,751.74,13.63,20.09,46.61,30.38,28.08,53.31,12.51,3
2020-11-23 10:00:00,10.804,106.7075,503.89,2.01,16.22,55.98,24.02,26.28,50.53,3.0,3
2020-11-23 11:00:00,10.804,106.7075,774.21,11.92,17.54,60.09,19.36,39.02,51.85,6.99,4
2020-11-23 12:00:00,10.804,106.7075,697.02,9.46,27.32,28.85,21.19,38.29,42.85,10.7,4
2020-11-23 13:00:00,10.804,106.7075,954.92,7.99,24.09,27.69,28.77,31.6,55.68,6.06,3
2020-11-23 14:00:00,10.804,106.7075,450.84,12.52,10.0,40.24,29.71,31.54,73.38,11.08,3
2020-11-23 15:00:00,10.804,106.7075,601.92,10.14,19.72,21.27,20.3,25.51,30.0,8.14,3
2020-11-23 16:00:00,10.804,106.7075,662.64,1.64,22.43,55.74,26.14,27.41,57.1,10.04,3
2020-11-23 17:00:00,10.804,106.7075,956.11,8.88,27.66,76.43,29.52,50.0,58.69,10.5,5
2020-11-23 18:00:00,10.804,106.7075,809.13,14.12,15.55,50.31,27.04,40.08,76.93,12.34,4
2020-11-23 19:00:00,10.804,106.7075,554.25,23.21,27.77,46.85,33.29,40.41,57.0,10.99,4
2020-11-23 20:00:00,10.804,106.7075,538.88,6.98,13.88,19.01,23.23,31.68,51.18,9.66,3
2020-11-23 21:00:00,10.804,106.7075,678.65,6.34,23.04,20.14,18.0,19.29,57.96,10.03,2
2020-11-23 22:00:00,10.804,106.7075,703.1,14.36,12.72,45.73,21.87,33.78,43.62,6.05,3
2020-11-23 23:00:00,10.804,106.7075,711.14,13.38,13.99,39.58,17.21,15.0,47.41,9.03,2
2020-11-24 00:00:00,10.804,106.7075,669.31,1.0,15.89,7.22,29.35,18.31,60.06,10.04,2
2020-11-24 01:00:00,10.804,106.7075,494.91,3.34,20.1,27.84,23.01,23.14,30.0,3.0,2
2020-11-24 02:00:00,10.804,106.7075,524.0,4.19,10.68,41.94,23.37,18.82,30.91,7.1,2
2020-11-24 03:00:00,10.804,106.7075,400.0,8.12,17.31,41.7,15.0,15.0,30.0,5.9,2
2020-11-24 04:00:00,10.804,106.7075,562.11,14.48,11.03,24.04,23.25,23.37,50.21,6.47,2
2020-11-24 05:00:00,10.804,106.7075,400.0,1.0,10.0,41.43,23.44,35.79,45.12,9.09,4
2020-11-24 06:00:00,10.804,106.7075,543.0,3.22,23.1,46.77,23.04,30.1,48.88,11.05,3
2020-11-24 07:00:00,10.804,106.7075,1104.25,15.72,31.07,66.21,30.19,45.05,48.27,13.56,5
2020-11-24 08:00:00,10.804,106.7075,730.82,14.43,20.93,66.8,32.33,26.24,70.05,8.67,3
2020-11-24 09:00:00,10.804,106.7075,1042.17,13.01,28.37,44.14,29.55,35.33,75.28,15.0,4
2020-11-24 10:00:00,10.804,106.7075,579.22,15.38,10.0,27.09,20.21,19.18,31.0,9.24,2
2020-11-24 11:00:00,10.804,106.7075,667.89,11.9,24.14,48.98,28.29,29.44,35.76,11.17,3
2020-11-24 12:00:00,10.804,106.7075,611.63,5.32,18.93,31.31,22.91,32.75,54.18,5.31,3
2020-11-24 13:00:00,10.804,106.7075,626.84,15.37,22.98,76.13,30.9,39.15,33.35,10.29,4
2020-11-24 14:00:00,10.804,106.7075,692.03,7.25,21.01,59.18,27.5,22.97,58.91,6.09,2
2020-11-24 15:00:00,10.804,106.7075,732.5,8.48,18.69,56.49,19.8,45.56,30.0,6.21,5
2020-11-24 16:00:00,10.804,106.7075,755.53,12.92,19.4,44.14,27.05,28.15,66.72,10.52,3
2020-11-24 17:00:00,10.804,106.7075,1040.92,8.17,25.52,53.99,27.47,41.88,58.55,12.37,4
2020-11-24 18:00:00,10.804,106.7075,749.47,21.6,20.62,61.79,36.46,34.43,75.23,6.71,3
2020-11-24 19:00:00,10.804,106.7075,1127.82,13.07,22.42,54.01,36.54,34.32,56.01,9.74,3
2020-11-24 20:00:00,10.804,106.7075,453.46,18.1,14.6,52.97,23.55,19.12,44.93,9.55,2
2020-11-24 21:00:00,10.804,106.7075,601.76,14.97,24.13,54.28,20.2,18.36,37.64,7.79,2
2020-11-24 22:00:00,10.804,106.7075,711.87,1.0,17.95,42.87,21.11,37.33,50.06,11.13,4
2020-11-24 23:00:00,10.804,106.7075,597.61,13.69,27.81,60.18,17.04,24.97,40.86,8.67,2
2020-11-25 00:00:00,10.804,106.7075,732.95,4.81,18.41,10.2,29.71,22.9,45.67,6.27,2
2020-11-25 01:00:00,10.804,106.7075,801.9,1.0,17.9,38.91,20.23,40.81,34.35,9.52,4
2020-11-25 02:00:00,10.804,106.7075,543.44,13.31,10.0,20.51,22.98,24.4,30.0,3.98,2
2020-11-25 03:00:00,10.804,106.7075,547.96,11.19,10.0,1.0,20.12,15.0,30.0,3.0,2
2020-11-25 04:00:00,10.804,106.7075,612.1,7.64,12.65,52.34,20.69,33.93,30.0,5.5,3
2020-11-25 05:00:00,10.804,106.7075,400.0,5.85,12.51,40.9,17.73,25.99,43.44,12.06,3
2020-11-25 06:00:00,10.804,106.7075,582.71,4.29,19.48,28.47,29.91,24.73,38.21,5.79,2
2020-11-25 07:00:00,10.804,106.7075,1017.76,12.21,22.15,83.48,28.22,39.28,72.83,5.51,4
2020-11-25 08:00:00,10.804,106.7075,982.04,7.72,30.94,44.06,35.96,47.85,75.34,11.15,5
2020-11-25 09:00:00,10.804,106.7075,875.3,10.12,34.83,48.01,27.31,44.32,55.45,7.55,4
2020-11-25 10:00:00,10.804,106.7075,483.46,7.59,19.5,48.65,29.76,34.22,47.71,7.41,3
2020-11-25 11:00:00,10.804,106.7075,776.52,16.36,20.76,37.96,20.04,18.44,58.0,9.73,2
